{"acc": 0.9090817070136485, "loss": 0.07966316599593928, "_timestamp": 1719368311.641633, "_runtime": 2.0450599193573, "_step": 7, "_wandb": {"runtime": 1}}