{"acc": 0.7011608378351528, "loss": 0.22100578097511067, "_timestamp": 1719368301.0049152, "_runtime": 2.0887231826782227, "_step": 7, "_wandb": {"runtime": 1}}