{"acc": 0.8382969047972803, "loss": 0.1965685391959519, "_timestamp": 1719368287.3525205, "_runtime": 1.975081443786621, "_step": 7, "_wandb": {"runtime": 1}}