{"acc": 0.7583390309712008, "loss": 0.2513849130848471, "_timestamp": 1719368316.5345528, "_runtime": 2.0957067012786865, "_step": 7, "_wandb": {"runtime": 1}}