{"acc": 0.7688196499221291, "loss": 0.23909570535838695, "_timestamp": 1719368295.139551, "_runtime": 1.1873459815979004, "_step": 7, "_wandb": {"runtime": 0}}