{"acc": 0.8028695017261527, "loss": 0.13859089957490894, "_timestamp": 1719368306.8101833, "_runtime": 2.0480973720550537, "_step": 7, "_wandb": {"runtime": 0}}