{"acc": 0.8088686339432746, "loss": 0.1673310431958716, "_timestamp": 1719368281.1156816, "_runtime": 1.853865623474121, "_step": 7, "_wandb": {"runtime": 1}}